"gid","name","slug","path","title","galdesc","pageid","previewpic","author"
"1","test","test","wp-content/gallery/test","test",,"0","1","2"
"2","brownies","brownies","wp-content/gallery/brownies","Brownies","Brownies with Cadbury\&#039;s soft toffee dairy milk bars baked in.","0","5","1"
"3","new-tattoo","new-tattoo","wp-content/gallery/new-tattoo","new tattoo",,"34","7","1"
"4","stumptown-comic-con","stumptown-comic-con","wp-content/gallery/stumptown-comic-con","Stumptown Comic Con","This took place April 16-17, 2011","39","8","2"
"5","sriracha-cupcakes","sriracha-cupcakes","wp-content/gallery/sriracha-cupcakes","Sriracha Cupcakes",,"0","24","1"
"6","japenese-gardens","japenese-gardens","wp-content/gallery/japenese-gardens","Japenese Gardens",,"0","69","1"
"7","triwizard-drinking-tournament","triwizard-drinking-tournament","wp-content/gallery/triwizard-drinking-tournament","Triwizard drinking tournament",,"0","74","2"
"8","cosplay-pictures","cosplay-pictures","wp-content/gallery/cosplay-pictures","Cosplay Pictures",,"0","94","2"
"9","fitness","fitness","wp-content/gallery/fitness","fitness",,"0","109","1"
"10","new-pc","new-pc","wp-content/gallery/new-pc","new-PC",,"0","136","1"
"11","misc","misc","wp-content/gallery/misc","misc",,"0","137","2"
"12","freedom-of-the-seas","freedom-of-the-seas","wp-content/gallery/freedom-of-the-seas","Freedom of the Seas",,"244","390","1"
"13","pirate-shirt","pirate-shirt","wp-content/gallery/pirate-shirt","Pirate shirt",,"0","399","2"
"14","dress","dress","wp-content/gallery/dress","dress",,"0","408","2"
"15","blanket","blanket","wp-content/gallery/blanket","Blanket",,"0","413","2"
"16","wrap-shirt","wrap-shirt","wp-content/gallery/wrap-shirt","Wrap Shirt",,"0","417","2"
"17","small-dress-and-arms","small-dress-and-arms","wp-content/gallery/small-dress-and-arms","Small dress and arms",,"0","422","2"
"18","a-day-at-the-zoo","a-day-at-the-zoo","wp-content/gallery/a-day-at-the-zoo","A day at the zoo",,"0","455","2"
